Type,Name,Request Count,Failure Count,Median Response Time,Average Response Time,Min Response Time,Max Response Time,Average Content Size,Requests/s,Failures/s,50%,66%,75%,80%,90%,95%,98%,99%,99.9%,99.99%,100%
Python,select_job_cycle,393483,0,1,1.3772909655079801,0.7415449999825796,800.2515610000955,76.50607523069611,655.594721068485,0.0,1,1,1,2,2,2,2,2,3,150,800
,Aggregated,393483,0,1,1.3772909655079801,0.7415449999825796,800.2515610000955,76.50607523069611,655.594721068485,0.0,1,1,1,2,2,2,2,2,3,150,800
