Type,Name,Request Count,Failure Count,Median Response Time,Average Response Time,Min Response Time,Max Response Time,Average Content Size,Requests/s,Failures/s,50%,66%,75%,80%,90%,95%,98%,99%,99.9%,99.99%,100%
Python,select_job_cycle,38564,0,1,0.91019621514321,0.5985969983157702,4.092772000149125,80.0,42.77987924459374,0.0,1,1,1,1,1,1,1,1,2,4,4
,Aggregated,38564,0,1,0.91019621514321,0.5985969983157702,4.092772000149125,80.0,42.77987924459374,0.0,1,1,1,1,1,1,1,1,2,4,4
