Type,Name,Request Count,Failure Count,Median Response Time,Average Response Time,Min Response Time,Max Response Time,Average Content Size,Requests/s,Failures/s,50%,66%,75%,80%,90%,95%,98%,99%,99.9%,99.99%,100%
Python,select_job_cycle,26361,0,3,2.696090568221106,1.5454320018761791,24.53818099820637,80.0,443.456763285059,0.0,3,3,3,3,3,3,4,4,6,18,25
,Aggregated,26361,0,3,2.696090568221106,1.5454320018761791,24.53818099820637,80.0,443.456763285059,0.0,3,3,3,3,3,3,4,4,6,18,25
