Type,Name,Request Count,Failure Count,Median Response Time,Average Response Time,Min Response Time,Max Response Time,Average Content Size,Requests/s,Failures/s,50%,66%,75%,80%,90%,95%,98%,99%,99.9%,99.99%,100%
Python,select_job_cycle,178777,0,0.1405890034220647,0.4502026741862625,0.1405890034220647,442.32644500152674,37.28936048820598,198.6109640614579,0.0,0,0,1,1,1,1,1,1,2,11,440
,Aggregated,178777,0,0.1405890034220647,0.4502026741862625,0.1405890034220647,442.32644500152674,37.28936048820598,198.6109640614579,0.0,0,0,1,1,1,1,1,1,2,11,440
