Type,Name,Request Count,Failure Count,Median Response Time,Average Response Time,Min Response Time,Max Response Time,Average Content Size,Requests/s,Failures/s,50%,66%,75%,80%,90%,95%,98%,99%,99.9%,99.99%,100%
Python,select_job_cycle,2575660,0,1,1.280698245681904,0.6754810001439182,824.0790759998617,76.50096674250483,715.4274795396107,0.0,1,1,1,1,2,2,2,2,3,180,820
,Aggregated,2575660,0,1,1.280698245681904,0.6754810001439182,824.0790759998617,76.50096674250483,715.4274795396107,0.0,1,1,1,1,2,2,2,2,3,180,820
