Type,Name,Request Count,Failure Count,Median Response Time,Average Response Time,Min Response Time,Max Response Time,Average Content Size,Requests/s,Failures/s,50%,66%,75%,80%,90%,95%,98%,99%,99.9%,99.99%,100%
Python,select_job_cycle,142345,0,2,2.2600704693233364,1.2620420020539314,206.03468400076963,79.83926376058169,158.27340370871946,0.0,2,2,2,2,3,4,4,5,59,96,210
,Aggregated,142345,0,2,2.2600704693233364,1.2620420020539314,206.03468400076963,79.83926376058169,158.27340370871946,0.0,2,2,2,2,3,4,4,5,59,96,210
