Type,Name,Request Count,Failure Count,Median Response Time,Average Response Time,Min Response Time,Max Response Time,Average Content Size,Requests/s,Failures/s,50%,66%,75%,80%,90%,95%,98%,99%,99.9%,99.99%,100%
Python,select_job_cycle,404700,0,1,1.343128223771549,0.6425899991882034,230.19889499846613,78.78606375092662,674.042511671935,0.0,1,1,1,1,2,2,2,2,3,190,230
,Aggregated,404700,0,1,1.343128223771549,0.6425899991882034,230.19889499846613,78.78606375092662,674.042511671935,0.0,1,1,1,1,2,2,2,2,3,190,230
