Type,Name,Request Count,Failure Count,Median Response Time,Average Response Time,Min Response Time,Max Response Time,Average Content Size,Requests/s,Failures/s,50%,66%,75%,80%,90%,95%,98%,99%,99.9%,99.99%,100%
Python,select_job_cycle,208409,0,1,1.0633330686780176,0.6125949994384428,92.89959500074474,76.49688833015848,347.0719528436937,0.0,1,1,1,1,1,2,2,2,3,80,93
,Aggregated,208409,0,1,1.0633330686780176,0.6125949994384428,92.89959500074474,76.49688833015848,347.0719528436937,0.0,1,1,1,1,1,2,2,2,3,80,93
