Type,Name,Request Count,Failure Count,Median Response Time,Average Response Time,Min Response Time,Max Response Time,Average Content Size,Requests/s,Failures/s,50%,66%,75%,80%,90%,95%,98%,99%,99.9%,99.99%,100%
Python,select_job_cycle,322635,0,5,5.645346510344905,1.4559439987351652,852.1966509979393,79.84254653090954,355.0666262956354,0.0,5,6,6,6,6,6,7,7,170,200,850
,Aggregated,322635,0,5,5.645346510344905,1.4559439987351652,852.1966509979393,79.84254653090954,355.0666262956354,0.0,5,6,6,6,6,6,7,7,170,200,850
