Type,Name,Request Count,Failure Count,Median Response Time,Average Response Time,Min Response Time,Max Response Time,Average Content Size,Requests/s,Failures/s,50%,66%,75%,80%,90%,95%,98%,99%,99.9%,99.99%,100%
Python,select_job_cycle,268,0,2,2.0339813171692334,1.4291130000856356,4.342052000538388,80.0,26.140682422095917,0.0,2,2,2,3,3,4,4,4,4,4,4
,Aggregated,268,0,2,2.0339813171692334,1.4291130000856356,4.342052000538388,80.0,26.140682422095917,0.0,2,2,2,3,3,4,4,4,4,4,4
