Type,Name,Request Count,Failure Count,Median Response Time,Average Response Time,Min Response Time,Max Response Time,Average Content Size,Requests/s,Failures/s,50%,66%,75%,80%,90%,95%,98%,99%,99.9%,99.99%,100%
Python,select_job_cycle,174834,0,3,3.393789495221269,1.3136839988874272,128.3797930009314,79.84442385348387,194.25807644615188,0.0,3,4,4,4,4,4,5,5,87,110,130
,Aggregated,174834,0,3,3.393789495221269,1.3136839988874272,128.3797930009314,79.84442385348387,194.25807644615188,0.0,3,4,4,4,4,4,5,5,87,110,130
