Type,Name,Request Count,Failure Count,Median Response Time,Average Response Time,Min Response Time,Max Response Time,Average Content Size,Requests/s,Failures/s,50%,66%,75%,80%,90%,95%,98%,99%,99.9%,99.99%,100%
Python,select_job_cycle,409282,0,1,1.326242286127743,0.6548569945152849,242.4373719986761,78.84988834104603,681.874153036062,0.0,1,1,1,1,2,2,2,2,3,190,240
,Aggregated,409282,0,1,1.326242286127743,0.6548569945152849,242.4373719986761,78.84988834104603,681.874153036062,0.0,1,1,1,1,2,2,2,2,3,190,240
