Type,Name,Request Count,Failure Count,Median Response Time,Average Response Time,Min Response Time,Max Response Time,Average Content Size,Requests/s,Failures/s,50%,66%,75%,80%,90%,95%,98%,99%,99.9%,99.99%,100%
Python,select_job_cycle,719469,0,0.1974869992409367,0.27912103546694506,0.1974869992409367,2.6792070020746905,80.0,1199.2154181961523,0.0,0,0,0,0,0,0,0,0,0,1,3
,Aggregated,719469,0,0.1974869992409367,0.27912103546694506,0.1974869992409367,2.6792070020746905,80.0,1199.2154181961523,0.0,0,0,0,0,0,0,0,0,0,1,3
