Type,Name,Request Count,Failure Count,Median Response Time,Average Response Time,Min Response Time,Max Response Time,Average Content Size,Requests/s,Failures/s,50%,66%,75%,80%,90%,95%,98%,99%,99.9%,99.99%,100%
Python,select_job_cycle,318606,0,5,5.730927930548978,1.4818859999650158,217.29567500005942,79.84105760720136,350.00709778854275,0.0,5,6,6,6,6,6,7,8,170,200,220
,Aggregated,318606,0,5,5.730927930548978,1.4818859999650158,217.29567500005942,79.84105760720136,350.00709778854275,0.0,5,6,6,6,6,6,7,8,170,200,220
