Type,Name,Request Count,Failure Count,Median Response Time,Average Response Time,Min Response Time,Max Response Time,Average Content Size,Requests/s,Failures/s,50%,66%,75%,80%,90%,95%,98%,99%,99.9%,99.99%,100%
Python,select_job_cycle,177694,0,2,1.7160796034464347,0.6376319997798419,46.39321200011182,76.54192037997906,197.42575202873815,0.0,2,2,2,2,2,2,3,3,27,39,46
,Aggregated,177694,0,2,1.7160796034464347,0.6376319997798419,46.39321200011182,76.54192037997906,197.42575202873815,0.0,2,2,2,2,2,2,3,3,27,39,46
