Type,Name,Request Count,Failure Count,Median Response Time,Average Response Time,Min Response Time,Max Response Time,Average Content Size,Requests/s,Failures/s,50%,66%,75%,80%,90%,95%,98%,99%,99.9%,99.99%,100%
Python,select_job_cycle,81029,0,2,2.001305346804828,0.7275829993886873,17.642167000303743,80.0,90.03397597584552,0.0,2,2,2,3,3,3,3,3,4,11,18
,Aggregated,81029,0,2,2.001305346804828,0.7275829993886873,17.642167000303743,80.0,90.03397597584552,0.0,2,2,2,3,3,3,3,3,4,11,18
