Type,Name,Request Count,Failure Count,Median Response Time,Average Response Time,Min Response Time,Max Response Time,Average Content Size,Requests/s,Failures/s,50%,66%,75%,80%,90%,95%,98%,99%,99.9%,99.99%,100%
Python,select_job_cycle,115333,0,1,1.1707762349202027,0.6545520000145189,403.41626700001143,76.45894930332169,191.91688769052627,0.0,1,1,1,1,2,2,2,2,18,33,400
,Aggregated,115333,0,1,1.1707762349202027,0.6545520000145189,403.41626700001143,76.45894930332169,191.91688769052627,0.0,1,1,1,1,2,2,2,2,18,33,400
