Type,Name,Request Count,Failure Count,Median Response Time,Average Response Time,Min Response Time,Max Response Time,Average Content Size,Requests/s,Failures/s,50%,66%,75%,80%,90%,95%,98%,99%,99.9%,99.99%,100%
Python,select_job_cycle,37651,0,1,1.1844934738900192,0.6680309998046141,5.1504319999367,80.0,42.34166181965736,0.0,1,1,1,1,2,2,3,3,4,5,5
,Aggregated,37651,0,1,1.1844934738900192,0.6680309998046141,5.1504319999367,80.0,42.34166181965736,0.0,1,1,1,1,2,2,3,3,4,5,5
