Type,Name,Request Count,Failure Count,Median Response Time,Average Response Time,Min Response Time,Max Response Time,Average Content Size,Requests/s,Failures/s,50%,66%,75%,80%,90%,95%,98%,99%,99.9%,99.99%,100%
Python,select_job_cycle,111657,0,4,3.8777562331420046,2.3159979973570444,44.20596999989357,80.0,186.06760581550475,0.0,4,4,4,4,5,5,6,7,22,34,44
,Aggregated,111657,0,4,3.8777562331420046,2.3159979973570444,44.20596999989357,80.0,186.06760581550475,0.0,4,4,4,4,5,5,6,7,22,34,44
