Type,Name,Request Count,Failure Count,Median Response Time,Average Response Time,Min Response Time,Max Response Time,Average Content Size,Requests/s,Failures/s,50%,66%,75%,80%,90%,95%,98%,99%,99.9%,99.99%,100%
Python,select_job_cycle,28605,0,3,3.3596690745865816,2.3484330013161525,28.5351799975615,80.0,31.458207777934895,0.0,3,3,3,4,4,5,6,6,8,23,29
,Aggregated,28605,0,3,3.3596690745865816,2.3484330013161525,28.5351799975615,80.0,31.458207777934895,0.0,3,3,3,4,4,5,6,6,8,23,29
