Type,Name,Request Count,Failure Count,Median Response Time,Average Response Time,Min Response Time,Max Response Time,Average Content Size,Requests/s,Failures/s,50%,66%,75%,80%,90%,95%,98%,99%,99.9%,99.99%,100%
Python,select_job_cycle,174694,0,4,4.210964157491312,1.4360370005306322,600.5312179986504,79.84155151293118,194.09626292303832,0.0,4,4,4,4,5,5,7,21,120,460,600
,Aggregated,174694,0,4,4.210964157491312,1.4360370005306322,600.5312179986504,79.84155151293118,194.09626292303832,0.0,4,4,4,4,5,5,7,21,120,460,600
