Type,Name,Request Count,Failure Count,Median Response Time,Average Response Time,Min Response Time,Max Response Time,Average Content Size,Requests/s,Failures/s,50%,66%,75%,80%,90%,95%,98%,99%,99.9%,99.99%,100%
Python,select_job_cycle,226,0,2,2.2049927434169807,1.9853209996654186,4.04574900312582,80.0,29.13830926849868,0.0,2,2,2,2,2,3,3,3,4,4,4
,Aggregated,226,0,2,2.2049927434169807,1.9853209996654186,4.04574900312582,80.0,29.13830926849868,0.0,2,2,2,2,2,3,3,3,4,4,4
