Type,Name,Request Count,Failure Count,Median Response Time,Average Response Time,Min Response Time,Max Response Time,Average Content Size,Requests/s,Failures/s,50%,66%,75%,80%,90%,95%,98%,99%,99.9%,99.99%,100%
Python,select_job_cycle,76511,0,1,1.5411291014299602,0.7296389994735364,4.742803001136053,80.0,84.97865930030785,0.0,1,1,2,2,2,3,3,3,4,4,5
,Aggregated,76511,0,1,1.5411291014299602,0.7296389994735364,4.742803001136053,80.0,84.97865930030785,0.0,1,1,2,2,2,3,3,3,4,4,5
