Type,Name,Request Count,Failure Count,Median Response Time,Average Response Time,Min Response Time,Max Response Time,Average Content Size,Requests/s,Failures/s,50%,66%,75%,80%,90%,95%,98%,99%,99.9%,99.99%,100%
Python,select_job_cycle,134641,0,0.3741489999811165,0.5041132517935397,0.3741489999811165,10.31918099761242,80.0,224.34188893222412,0.0,0,0,1,1,1,1,1,1,1,1,10
,Aggregated,134641,0,0.3741489999811165,0.5041132517935397,0.3741489999811165,10.31918099761242,80.0,224.34188893222412,0.0,0,0,1,1,1,1,1,1,1,1,10
