Type,Name,Request Count,Failure Count,Median Response Time,Average Response Time,Min Response Time,Max Response Time,Average Content Size,Requests/s,Failures/s,50%,66%,75%,80%,90%,95%,98%,99%,99.9%,99.99%,100%
Python,select_job_cycle,346362,0,4,4.146038109330398,2.59187699703034,57.38876900068135,80.0,577.0697020303267,0.0,4,5,5,5,5,5,6,6,15,26,57
,Aggregated,346362,0,4,4.146038109330398,2.59187699703034,57.38876900068135,80.0,577.0697020303267,0.0,4,5,5,5,5,5,6,6,15,26,57
