Type,Name,Request Count,Failure Count,Median Response Time,Average Response Time,Min Response Time,Max Response Time,Average Content Size,Requests/s,Failures/s,50%,66%,75%,80%,90%,95%,98%,99%,99.9%,99.99%,100%
Python,select_job_cycle,21552,0,10,10.925232174574607,7.231965995742939,512.4331240003812,80.0,23.731743499847493,0.0,10,10,11,11,13,16,18,30,110,400,510
,Aggregated,21552,0,10,10.925232174574607,7.231965995742939,512.4331240003812,80.0,23.731743499847493,0.0,10,10,11,11,13,16,18,30,110,400,510
