Type,Name,Request Count,Failure Count,Median Response Time,Average Response Time,Min Response Time,Max Response Time,Average Content Size,Requests/s,Failures/s,50%,66%,75%,80%,90%,95%,98%,99%,99.9%,99.99%,100%
Python,select_job_cycle,169759,0,1,1.1723528493728403,0.6721289973938838,6.318752002698602,80.0,32.640570535768994,0.0,1,1,1,1,1,2,2,3,3,4,6
,Aggregated,169759,0,1,1.1723528493728403,0.6721289973938838,6.318752002698602,80.0,32.640570535768994,0.0,1,1,1,1,1,2,2,3,3,4,6
