Type,Name,Request Count,Failure Count,Median Response Time,Average Response Time,Min Response Time,Max Response Time,Average Content Size,Requests/s,Failures/s,50%,66%,75%,80%,90%,95%,98%,99%,99.9%,99.99%,100%
Python,select_job_cycle,418685,0,1,1.2565610188164973,0.6618460029130802,370.99827299971366,78.79909717329257,697.5234138415659,0.0,1,1,1,1,2,2,2,2,3,190,370
,Aggregated,418685,0,1,1.2565610188164973,0.6618460029130802,370.99827299971366,78.79909717329257,697.5234138415659,0.0,1,1,1,1,2,2,2,2,3,190,370
