Type,Name,Request Count,Failure Count,Median Response Time,Average Response Time,Min Response Time,Max Response Time,Average Content Size,Requests/s,Failures/s,50%,66%,75%,80%,90%,95%,98%,99%,99.9%,99.99%,100%
Python,select_job_cycle,393010,0,1,1.3874738182211739,0.6746189974364825,244.5444699988002,78.80776570570724,654.728703178486,0.0,1,1,1,1,2,2,2,2,3,190,240
,Aggregated,393010,0,1,1.3874738182211739,0.6746189974364825,244.5444699988002,78.80776570570724,654.728703178486,0.0,1,1,1,1,2,2,2,2,3,190,240
