Type,Name,Request Count,Failure Count,Median Response Time,Average Response Time,Min Response Time,Max Response Time,Average Content Size,Requests/s,Failures/s,50%,66%,75%,80%,90%,95%,98%,99%,99.9%,99.99%,100%
Python,select_job_cycle,400703,0,1,1.3584592426786646,0.6593889993382618,785.7359629997518,78.83524705330382,667.5408172282714,0.0,1,1,1,1,2,2,2,2,3,190,790
,Aggregated,400703,0,1,1.3584592426786646,0.6593889993382618,785.7359629997518,78.83524705330382,667.5408172282714,0.0,1,1,1,1,2,2,2,2,3,190,790
