Type,Name,Request Count,Failure Count,Median Response Time,Average Response Time,Min Response Time,Max Response Time,Average Content Size,Requests/s,Failures/s,50%,66%,75%,80%,90%,95%,98%,99%,99.9%,99.99%,100%
Python,select_job_cycle,426636,0,1,1.2739275042137006,0.7007399981375784,230.88115500286222,78.80310147291837,710.8026385559212,0.0,1,1,1,1,2,2,2,2,3,190,230
,Aggregated,426636,0,1,1.2739275042137006,0.7007399981375784,230.88115500286222,78.80310147291837,710.8026385559212,0.0,1,1,1,1,2,2,2,2,3,190,230
