Type,Name,Request Count,Failure Count,Median Response Time,Average Response Time,Min Response Time,Max Response Time,Average Content Size,Requests/s,Failures/s,50%,66%,75%,80%,90%,95%,98%,99%,99.9%,99.99%,100%
Python,select_job_cycle,85919,0,6,5.415816973313659,2.4567490036133677,43.2716020004591,80.0,95.41809712501357,0.0,6,6,7,7,7,7,7,8,8,13,43
,Aggregated,85919,0,6,5.415816973313659,2.4567490036133677,43.2716020004591,80.0,95.41809712501357,0.0,6,6,7,7,7,7,7,8,8,13,43
