Type,Name,Request Count,Failure Count,Median Response Time,Average Response Time,Min Response Time,Max Response Time,Average Content Size,Requests/s,Failures/s,50%,66%,75%,80%,90%,95%,98%,99%,99.9%,99.99%,100%
Python,select_job_cycle,410471,0,1,1.3320190490219024,0.6508770020445809,226.9135370006552,78.77311673662695,683.9065382317922,0.0,1,1,1,1,2,2,2,2,3,190,230
,Aggregated,410471,0,1,1.3320190490219024,0.6508770020445809,226.9135370006552,78.77311673662695,683.9065382317922,0.0,1,1,1,1,2,2,2,2,3,190,230
