Type,Name,Request Count,Failure Count,Median Response Time,Average Response Time,Min Response Time,Max Response Time,Average Content Size,Requests/s,Failures/s,50%,66%,75%,80%,90%,95%,98%,99%,99.9%,99.99%,100%
Python,select_job_cycle,519862,0,1,1.0351989184951222,0.5977860018901993,242.52205200173194,79.99969222601382,865.8247043254753,0.0,1,1,1,1,1,2,2,2,3,180,240
,Aggregated,519862,0,1,1.0351989184951222,0.5977860018901993,242.52205200173194,79.99969222601382,865.8247043254753,0.0,1,1,1,1,1,2,2,2,3,180,240
