Type,Name,Request Count,Failure Count,Median Response Time,Average Response Time,Min Response Time,Max Response Time,Average Content Size,Requests/s,Failures/s,50%,66%,75%,80%,90%,95%,98%,99%,99.9%,99.99%,100%
Redis-Python,select_job_cycle,3,0,6,5.116222997457953,0.6240929978957865,8.597101994382683,80.0,0.0014715348374776717,0.0,6,6,9,9,9,9,9,9,9,9,9
,Aggregated,3,0,6,5.116222997457953,0.6240929978957865,8.597101994382683,80.0,0.0014715348374776717,0.0,6,6,9,9,9,9,9,9,9,9,9
