Type,Name,Request Count,Failure Count,Median Response Time,Average Response Time,Min Response Time,Max Response Time,Average Content Size,Requests/s,Failures/s,50%,66%,75%,80%,90%,95%,98%,99%,99.9%,99.99%,100%
Python,select_job_cycle,1272565,55688,0.06476999988080934,0.24495219549179384,0.06476999988080934,4.501729999901727,76.49916507211812,1413.2958873396847,61.84644507288222,0,0,0,0,0,0,0,0,1,1,5
,Aggregated,1272565,55688,0.06476999988080934,0.24495219549179384,0.06476999988080934,4.501729999901727,76.49916507211812,1413.2958873396847,61.84644507288222,0,0,0,0,0,0,0,0,1,1,5
