Type,Name,Request Count,Failure Count,Median Response Time,Average Response Time,Min Response Time,Max Response Time,Average Content Size,Requests/s,Failures/s,50%,66%,75%,80%,90%,95%,98%,99%,99.9%,99.99%,100%
Python,select_job_cycle,29856,0,1,1.2875246870701769,0.6961949984543025,20.37729200674221,80.0,32.869209517998456,0.0,1,1,1,1,2,2,3,3,5,12,20
,Aggregated,29856,0,1,1.2875246870701769,0.6961949984543025,20.37729200674221,80.0,32.869209517998456,0.0,1,1,1,1,2,2,3,3,5,12,20
