Type,Name,Request Count,Failure Count,Median Response Time,Average Response Time,Min Response Time,Max Response Time,Average Content Size,Requests/s,Failures/s,50%,66%,75%,80%,90%,95%,98%,99%,99.9%,99.99%,100%
Python,select_job_cycle,84269,179,0.0998880022962112,0.22159707987064345,0.0998880022962112,2.182636999350507,79.83006799653491,93.74801672101323,0.19913485377851128,0,0,0,0,0,0,0,0,1,1,2
,Aggregated,84269,179,0.0998880022962112,0.22159707987064345,0.0998880022962112,2.182636999350507,79.83006799653491,93.74801672101323,0.19913485377851128,0,0,0,0,0,0,0,0,1,1,2
