Type,Name,Request Count,Failure Count,Median Response Time,Average Response Time,Min Response Time,Max Response Time,Average Content Size,Requests/s,Failures/s,50%,66%,75%,80%,90%,95%,98%,99%,99.9%,99.99%,100%
Python,select_job_cycle,30908,0,1,1.2831041903011031,0.7086910045472905,8.321175002492964,80.0,6.491485218424065,0.0,1,1,1,1,2,2,2,3,4,5,8
,Aggregated,30908,0,1,1.2831041903011031,0.7086910045472905,8.321175002492964,80.0,6.491485218424065,0.0,1,1,1,1,2,2,2,3,4,5,8
