Type,Name,Request Count,Failure Count,Median Response Time,Average Response Time,Min Response Time,Max Response Time,Average Content Size,Requests/s,Failures/s,50%,66%,75%,80%,90%,95%,98%,99%,99.9%,99.99%,100%
Python,select_job_cycle,51688,0,0.377906999347033,0.4389062168244351,0.377906999347033,1.4653819998784456,80.0,86.43611340833408,0.0,0,0,0,0,0,1,1,1,1,1,1
,Aggregated,51688,0,0.377906999347033,0.4389062168244351,0.377906999347033,1.4653819998784456,80.0,86.43611340833408,0.0,0,0,0,0,0,1,1,1,1,1,1
