Type,Name,Request Count,Failure Count,Median Response Time,Average Response Time,Min Response Time,Max Response Time,Average Content Size,Requests/s,Failures/s,50%,66%,75%,80%,90%,95%,98%,99%,99.9%,99.99%,100%
Python,select_job_cycle,115992,0,2,2.1441832211208123,1.5583950007567182,10.227970000414643,80.0,193.3048890684835,0.0,2,2,2,3,3,3,3,4,5,5,10
,Aggregated,115992,0,2,2.1441832211208123,1.5583950007567182,10.227970000414643,80.0,193.3048890684835,0.0,2,2,2,3,3,3,3,4,5,5,10
