Type,Name,Request Count,Failure Count,Median Response Time,Average Response Time,Min Response Time,Max Response Time,Average Content Size,Requests/s,Failures/s,50%,66%,75%,80%,90%,95%,98%,99%,99.9%,99.99%,100%
Python,select_job_cycle,51315,0,3,3.0200128957205585,2.08853399817599,29.51341100197169,80.0,85.57313473186962,0.0,3,3,3,3,4,5,6,6,11,25,30
,Aggregated,51315,0,3,3.0200128957205585,2.08853399817599,29.51341100197169,80.0,85.57313473186962,0.0,3,3,3,3,4,5,6,6,11,25,30
