Type,Name,Request Count,Failure Count,Median Response Time,Average Response Time,Min Response Time,Max Response Time,Average Content Size,Requests/s,Failures/s,50%,66%,75%,80%,90%,95%,98%,99%,99.9%,99.99%,100%
Python,select_job_cycle,178463,0,0.01473300017096335,0.14406664909880557,0.01473300017096335,3.4218969994981308,76.47120131343752,198.2841731385244,0.0,0,0,0,0,0,0,0,0,0,2,3
,Aggregated,178463,0,0.01473300017096335,0.14406664909880557,0.01473300017096335,3.4218969994981308,76.47120131343752,198.2841731385244,0.0,0,0,0,0,0,0,0,0,0,2,3
