Type,Name,Request Count,Failure Count,Median Response Time,Average Response Time,Min Response Time,Max Response Time,Average Content Size,Requests/s,Failures/s,50%,66%,75%,80%,90%,95%,98%,99%,99.9%,99.99%,100%
Python,select_job_cycle,63744,0,21,21.549538096494857,6.796254999926532,494.05904900004316,80.0,70.87715874807853,0.0,21,22,22,22,23,25,40,120,200,440,490
,Aggregated,63744,0,21,21.549538096494857,6.796254999926532,494.05904900004316,80.0,70.87715874807853,0.0,21,22,22,22,23,25,40,120,200,440,490
