Type,Name,Request Count,Failure Count,Median Response Time,Average Response Time,Min Response Time,Max Response Time,Average Content Size,Requests/s,Failures/s,50%,66%,75%,80%,90%,95%,98%,99%,99.9%,99.99%,100%
Python,select_job_cycle,35954,0,0.05363400032365462,0.2264733164045416,0.05363400032365462,1.3764700006504427,79.82866996718029,39.947388065531456,0.0,0,0,0,0,0,0,1,1,1,1,1
,Aggregated,35954,0,0.05363400032365462,0.2264733164045416,0.05363400032365462,1.3764700006504427,79.82866996718029,39.947388065531456,0.0,0,0,0,0,0,0,1,1,1,1,1
