Type,Name,Request Count,Failure Count,Median Response Time,Average Response Time,Min Response Time,Max Response Time,Average Content Size,Requests/s,Failures/s,50%,66%,75%,80%,90%,95%,98%,99%,99.9%,99.99%,100%
Redis-Python,select_job_cycle,12,0,10,13.23377333334482,8.955129000014495,24.798776000011458,80.0,0.04706552008988878,0.0,12,13,17,17,18,25,25,25,25,25,25
,Aggregated,12,0,10,13.23377333334482,8.955129000014495,24.798776000011458,80.0,0.04706552008988878,0.0,12,13,17,17,18,25,25,25,25,25,25
