Type,Name,Request Count,Failure Count,Median Response Time,Average Response Time,Min Response Time,Max Response Time,Average Content Size,Requests/s,Failures/s,50%,66%,75%,80%,90%,95%,98%,99%,99.9%,99.99%,100%
Python,select_job_cycle,56674,0,2,1.765637902561145,1.5403920006065164,8.043919002375333,80.0,94.6417469183606,0.0,2,2,2,2,2,2,3,3,4,6,8
,Aggregated,56674,0,2,1.765637902561145,1.5403920006065164,8.043919002375333,80.0,94.6417469183606,0.0,2,2,2,2,2,2,3,3,4,6,8
