Type,Name,Request Count,Failure Count,Median Response Time,Average Response Time,Min Response Time,Max Response Time,Average Content Size,Requests/s,Failures/s,50%,66%,75%,80%,90%,95%,98%,99%,99.9%,99.99%,100%
Python,select_job_cycle,41251,0,1,1.0661486834952965,0.6829510020907037,20.93684499777737,80.0,36.84756161084917,0.0,1,1,1,1,1,1,2,2,3,4,21
,Aggregated,41251,0,1,1.0661486834952965,0.6829510020907037,20.93684499777737,80.0,36.84756161084917,0.0,1,1,1,1,1,1,2,2,3,4,21
