Type,Name,Request Count,Failure Count,Median Response Time,Average Response Time,Min Response Time,Max Response Time,Average Content Size,Requests/s,Failures/s,50%,66%,75%,80%,90%,95%,98%,99%,99.9%,99.99%,100%
Python,select_job_cycle,39596,0,1,1.3084293837981564,0.6321799992292654,5.000060999009293,80.0,45.06113940524259,0.0,1,1,1,2,2,3,3,3,4,5,5
,Aggregated,39596,0,1,1.3084293837981564,0.6321799992292654,5.000060999009293,80.0,45.06113940524259,0.0,1,1,1,2,2,3,3,3,4,5,5
