Type,Name,Request Count,Failure Count,Median Response Time,Average Response Time,Min Response Time,Max Response Time,Average Content Size,Requests/s,Failures/s,50%,66%,75%,80%,90%,95%,98%,99%,99.9%,99.99%,100%
Python,select_job_cycle,20359,0,10,12.154126592317313,7.367300999931103,1023.7356390000514,80.0,22.418178868713703,0.0,10,11,13,15,17,19,20,31,76,91,1000
,Aggregated,20359,0,10,12.154126592317313,7.367300999931103,1023.7356390000514,80.0,22.418178868713703,0.0,10,11,13,15,17,19,20,31,76,91,1000
