Type,Name,Request Count,Failure Count,Median Response Time,Average Response Time,Min Response Time,Max Response Time,Average Content Size,Requests/s,Failures/s,50%,66%,75%,80%,90%,95%,98%,99%,99.9%,99.99%,100%
Python,select_job_cycle,14762,0,2,1.9633992093699573,1.8124029993487056,4.939951999404002,80.0,24.44256034076902,0.0,2,2,2,2,2,2,3,3,4,5,5
,Aggregated,14762,0,2,1.9633992093699573,1.8124029993487056,4.939951999404002,80.0,24.44256034076902,0.0,2,2,2,2,2,2,3,3,4,5,5
