Type,Name,Request Count,Failure Count,Median Response Time,Average Response Time,Min Response Time,Max Response Time,Average Content Size,Requests/s,Failures/s,50%,66%,75%,80%,90%,95%,98%,99%,99.9%,99.99%,100%
Python,select_job_cycle,30269,0,1,1.2567742307395624,0.7247900066431612,6.315954000456259,80.0,33.392288490349294,0.0,1,1,1,1,2,2,2,3,4,5,6
,Aggregated,30269,0,1,1.2567742307395624,0.7247900066431612,6.315954000456259,80.0,33.392288490349294,0.0,1,1,1,1,2,2,2,3,4,5,6
