Type,Name,Request Count,Failure Count,Median Response Time,Average Response Time,Min Response Time,Max Response Time,Average Content Size,Requests/s,Failures/s,50%,66%,75%,80%,90%,95%,98%,99%,99.9%,99.99%,100%
Python,select_job_cycle,175962,372,0.09575700096320361,0.25430890574618825,0.09575700096320361,3.900117000739556,79.83087257476046,195.50207592097055,0.4133095341187361,0,0,0,0,0,0,0,1,1,1,4
,Aggregated,175962,372,0.09575700096320361,0.25430890574618825,0.09575700096320361,3.900117000739556,79.83087257476046,195.50207592097055,0.4133095341187361,0,0,0,0,0,0,0,1,1,1,4
