Type,Name,Request Count,Failure Count,Median Response Time,Average Response Time,Min Response Time,Max Response Time,Average Content Size,Requests/s,Failures/s,50%,66%,75%,80%,90%,95%,98%,99%,99.9%,99.99%,100%
Python,select_job_cycle,59490,0,22,23.42834030675618,7.0080640143714845,493.35204300587066,80.0,66.24648977492706,0.0,22,23,23,24,25,28,71,120,190,420,490
,Aggregated,59490,0,22,23.42834030675618,7.0080640143714845,493.35204300587066,80.0,66.24648977492706,0.0,22,23,23,24,25,28,71,120,190,420,490
