Type,Name,Request Count,Failure Count,Median Response Time,Average Response Time,Min Response Time,Max Response Time,Average Content Size,Requests/s,Failures/s,50%,66%,75%,80%,90%,95%,98%,99%,99.9%,99.99%,100%
Python,select_job_cycle,93532,0,2,2.070691211509539,0.7266560005518841,21.23136199952569,80.0,103.65741545650107,0.0,2,2,2,3,3,4,4,4,6,13,21
,Aggregated,93532,0,2,2.070691211509539,0.7266560005518841,21.23136199952569,80.0,103.65741545650107,0.0,2,2,2,3,3,4,4,4,6,13,21
